{"cameraMode":{"drawMode":0,"name":"Shaded","section":"Shading Mode"},"sceneLighting":false,"audioPlay":false,"sceneViewState":{"showFog":false,"showMaterialUpdate":false,"showSkybox":false,"showFlares":false,"showImageEffects":false,"showParticleSystems":false},"in2DMode":false,"pivot":{"x":1.6497101783752442,"y":3.365356922149658,"z":1.9149534702301026},"rotation":{"x":-0.33917608857154848,"y":-0.10496395826339722,"z":0.03811408951878548,"w":-0.9340770840644836},"size":7.522043228149414,"orthographic":false}