{"cameraMode":{"drawMode":0,"name":"Shaded","section":"Shading Mode"},"sceneLighting":false,"audioPlay":false,"sceneViewState":{"showFog":true,"showMaterialUpdate":false,"showSkybox":true,"showFlares":true,"showImageEffects":true,"showParticleSystems":true},"in2DMode":false,"pivot":{"x":0.16185295581817628,"y":4.510989665985107,"z":0.9086971282958984},"rotation":{"x":-0.26722440123558047,"y":0.09290610998868942,"z":-0.02589387819170952,"w":-0.9587956666946411},"size":3.5261268615722658,"orthographic":false}