{"cameraMode":{"drawMode":0,"name":"Shaded","section":"Shading Mode"},"sceneLighting":false,"audioPlay":false,"sceneViewState":{"showFog":true,"showMaterialUpdate":false,"showSkybox":true,"showFlares":true,"showImageEffects":true,"showParticleSystems":true},"in2DMode":false,"pivot":{"x":-1.5172489881515504,"y":2.3062262535095217,"z":-2.3279483318328859},"rotation":{"x":-0.07476994395256043,"y":0.924665093421936,"z":-0.2802784740924835,"w":-0.2466735541820526},"size":7.433821678161621,"orthographic":false}