{"cameraMode":{"drawMode":0,"name":"Shaded","section":"Shading Mode"},"sceneLighting":false,"audioPlay":false,"sceneViewState":{"showFog":true,"showMaterialUpdate":true,"showSkybox":false,"showFlares":true,"showImageEffects":true,"showParticleSystems":true},"in2DMode":false,"pivot":{"x":-3.642686128616333,"y":-41.318321228027347,"z":45.4299201965332},"rotation":{"x":-0.4686921536922455,"y":-0.000797199783846736,"z":0.00042312141158618033,"w":-0.8833611607551575},"size":155.53953552246095,"orthographic":false}