{"cameraMode":{"drawMode":0,"name":"Shaded","section":"Shading Mode"},"sceneLighting":true,"audioPlay":false,"sceneViewState":{"showFog":true,"showMaterialUpdate":false,"showSkybox":true,"showFlares":true,"showImageEffects":true,"showParticleSystems":true},"in2DMode":false,"pivot":{"x":74.0909652709961,"y":-37.191864013671878,"z":-4.126880645751953},"rotation":{"x":-0.1161322146654129,"y":-0.7496535778045654,"z":0.13665363192558289,"w":-0.6370753645896912},"size":77.16007995605469,"orthographic":false}