{"cameraMode":{"drawMode":0,"name":"Shaded","section":"Shading Mode"},"sceneLighting":false,"audioPlay":false,"sceneViewState":{"showFog":true,"showMaterialUpdate":false,"showSkybox":true,"showFlares":true,"showImageEffects":true,"showParticleSystems":true},"in2DMode":false,"pivot":{"x":66.31575012207031,"y":20.64459991455078,"z":-72.60521697998047},"rotation":{"x":0.18957968056201936,"y":-0.7508493065834045,"z":0.24382168054580689,"w":0.5838114619255066},"size":109.09677124023438,"orthographic":false}