{"cameraMode":{"drawMode":0,"name":"Shaded","section":"Shading Mode"},"sceneLighting":true,"audioPlay":false,"sceneViewState":{"showFog":true,"showMaterialUpdate":false,"showSkybox":true,"showFlares":true,"showImageEffects":true,"showParticleSystems":true},"in2DMode":false,"pivot":{"x":-113.98539733886719,"y":192.6793212890625,"z":-184.2914581298828},"rotation":{"x":0.1663331240415573,"y":-0.281992644071579,"z":0.049709253013134,"w":0.9435796737670898},"size":130.9017333984375,"orthographic":false}